Sender Address,Transaction Hash,Status,Time Taken
0xf636104622450359b3eBBBe7abf477504Aa1E33f,N/A,Failed,2.6365883350372314
0xE3e5539038d3D606d03c0d05846D421E588Cc568,N/A,Failed,1.5348703861236572
0x1A75a10d1f0417b17D7aEd2a820cf8e31BB361Bf,N/A,Failed,2.269003391265869
0xF682b82BE4270DcC5fF2B6ECcf6725FCA0189e6F,N/A,Failed,1.702653169631958
