Sender Address,Transaction Hash,Status,Time Taken
0x1bdD9222feF30b3750068D04af7F7A6Cc93C5515,N/A,Failed,3.046811580657959
0x6EF01197a48FD03dA58788E1195EC0c1cFeF1d8F,N/A,Failed,1.5848004817962646
0xeE63558e5a28faC2a006ce77e8BCaD1FbCC1F65F,N/A,Failed,2.0051944255828857
0xA09B3D7468D51397d0284105D66244d85c8e87c9,N/A,Failed,1.7718076705932617
