Sender Address,Transaction Hash,Status,Time Taken
0x49D78Bc1201eeD5E4fcd70706Dc7ecAF9F6228b0,N/A,Failed,2.611283779144287
0xea9B52c0B3C765186C43fCdabe867921a16D24B3,N/A,Failed,1.7171516418457031
